<?xml version="1.0" encoding="UTF-8"?>
<SemiconductorLibrary xmlns="http://www.plexim.com/xml/semiconductors/" version="1.1">
    <Package class="Diode" vendor="Wolfspeed" partnumber="C3D08060A">
        <Variables/>
        <SemiconductorData type="Diode">
            <TurnOnLoss>
                <ComputationMethod>Table only</ComputationMethod>
                <CurrentAxis> 0</CurrentAxis>
                <VoltageAxis> 0</VoltageAxis>
                <TemperatureAxis> 25</TemperatureAxis>
                <Energy scale="1">
                    <Temperature>
                        <Voltage> 0</Voltage>
                    </Temperature>
                </Energy>
            </TurnOnLoss>
            <TurnOffLoss>
                <ComputationMethod>Table only</ComputationMethod>
                <CurrentAxis> 0</CurrentAxis>
                <VoltageAxis> 0</VoltageAxis>
                <TemperatureAxis> 25</TemperatureAxis>
                <Energy scale="1">
                    <Temperature>
                        <Voltage> 0</Voltage>
                    </Temperature>
                </Energy>
            </TurnOffLoss>
            <ConductionLoss>
                <ComputationMethod>Table only</ComputationMethod>
                <Formula>0.95 + (T*-1.2e-3) + i*(0.054 + (T*5.5e-4))</Formula>
                <CurrentAxis> -5 0 0.24 0.826 19.9</CurrentAxis>
                <TemperatureAxis> -55 25 75 125 175 900 1000</TemperatureAxis>
                <VoltageDrop scale="1">
                    <Temperature> 0 0 1.01 1.069 2.261</Temperature>
                    <Temperature> 0 0 0.8877 0.943 2.341</Temperature>
                    <Temperature> 0 0 0.823 0.915 2.664</Temperature>
                    <Temperature> 0 0 0.765 0.8717 3.173</Temperature>
                    <Temperature> 0 0 0.7092 0.845 3.852</Temperature>
                    <Temperature> 0 0 0.7092 0.845 3.852</Temperature>
                    <Temperature> 0 0 0.7092 0.845 3.852</Temperature>
                </VoltageDrop>
            </ConductionLoss>
        </SemiconductorData>
        <ThermalModel>
            <Branch type="Cauer">
                <RCElement R="0.6152" C="0.00306"/>
                <RCElement R="0.2997" C="0.003"/>
                <RCElement R="0.2166" C="0.01772"/>
                <RCElement R="0.2601" C="0.05366"/>
            </Branch>
        </ThermalModel>
        <Comment>
            <Line></Line>
        </Comment>
    </Package>
</SemiconductorLibrary>
