<?xml version="1.0" encoding="UTF-8"?>
<SemiconductorLibrary xmlns="http://www.plexim.com/xml/semiconductors/" version="1.1">
    <Package class="MOSFET with Diode" vendor="Wolfspeed" partnumber="C3M0120090D">
        <Variables>
            <Variable>
                <Name>Rg</Name>
                <Description>External gate resistance</Description>
            </Variable>
        </Variables>
        <SemiconductorData type="MOSFET with Diode">
            <TurnOnLoss>
                <ComputationMethod>Table and formula</ComputationMethod>
                <Formula>E/(1.6693e-6*2.5+124.93e-6)*(1.6693e-6*Rg+124.93e-6)</Formula>
                <CurrentAxis> -10 0 2.82 5.92 8.855 11.8 14.82 17.8 20.57 23.61</CurrentAxis>
                <VoltageAxis> -100 0 400 600</VoltageAxis>
                <TemperatureAxis> -55 25 150 900 1000</TemperatureAxis>
                <Energy scale="1e-6">
                    <Temperature>
                        <Voltage> 0 0 0 0 0 0 0 0 0 0</Voltage>
                        <Voltage> 0 0 0 0 0 0 0 0 0 0</Voltage>
                        <Voltage> 0 0 33.65 52.4 76.64 106.2 140.9 181.2 224.3 274.7</Voltage>
                        <Voltage> 0 0 61.1 92.61 132.6 178.1 233.3 296.9 365.2 443.4</Voltage>
                    </Temperature>
                    <Temperature>
                        <Voltage> 0 0 0 0 0 0 0 0 0 0</Voltage>
                        <Voltage> 0 0 0 0 0 0 0 0 0 0</Voltage>
                        <Voltage> 0 0 31.85 49.6 72.54000000000001 100.5 133.3 171.5 212.3 260</Voltage>
                        <Voltage> 0 0 57.83 87.66 125.5 168.6 220.8 281 345.7 419.6</Voltage>
                    </Temperature>
                    <Temperature>
                        <Voltage> 0 0 0 0 0 0 0 0 0 0</Voltage>
                        <Voltage> 0 0 0 0 0 0 0 0 0 0</Voltage>
                        <Voltage> 0 0 42.06 65.51000000000001 95.81 132.8 176.1 226.6 280.4 343.4</Voltage>
                        <Voltage> 0 0 76.38 115.8 165.7 222.6 291.7 371.1 456.6 554.3</Voltage>
                    </Temperature>
                    <Temperature>
                        <Voltage> 0 0 0 0 0 0 0 0 0 0</Voltage>
                        <Voltage> 0 0 0 0 0 0 0 0 0 0</Voltage>
                        <Voltage> 0 0 44.17 68.78 100.6 139.4 184.9 237.9 294.4 360.5</Voltage>
                        <Voltage> 0 0 80.2 121.6 174 233.8 306.3 389.7 479.4 582</Voltage>
                    </Temperature>
                    <Temperature>
                        <Voltage> 0 0 0 0 0 0 0 0 0 0</Voltage>
                        <Voltage> 0 0 0 0 0 0 0 0 0 0</Voltage>
                        <Voltage> 0 0 44.17 68.78 100.6 139.4 184.9 237.9 294.4 360.5</Voltage>
                        <Voltage> 0 0 80.2 121.6 174 233.8 306.3 389.7 479.4 582</Voltage>
                    </Temperature>
                </Energy>
            </TurnOnLoss>
            <TurnOffLoss>
                <ComputationMethod>Table and formula</ComputationMethod>
                <Formula>E/(1.5822e-6*2.5+17.95e-6)*(1.5822e-6*Rg+17.95e-6)</Formula>
                <CurrentAxis> -10 0 2.82 5.92 8.855 11.8 14.82 17.8 20.57 23.61</CurrentAxis>
                <VoltageAxis> -100 0 400 600</VoltageAxis>
                <TemperatureAxis> -55 25 150 900 1000</TemperatureAxis>
                <Energy scale="1e-6">
                    <Temperature>
                        <Voltage> 0 0 0 0 0 0 0 0 0 0</Voltage>
                        <Voltage> 0 0 0 0 0 0 0 0 0 0</Voltage>
                        <Voltage> 0 0 4.151 5.087 7.481 12.6 17.62 24.54 31.79 46.92</Voltage>
                        <Voltage> 0 0 7.389 9.882 13.87 20.83 30.29 41.8 53.39 67.2</Voltage>
                    </Temperature>
                    <Temperature>
                        <Voltage> 0 0 0 0 0 0 0 0 0 0</Voltage>
                        <Voltage> 0 0 0 0 0 0 0 0 0 0</Voltage>
                        <Voltage> 0 0 4.784 5.861 8.621 14.52 20.3 28.28 36.63 54.07</Voltage>
                        <Voltage> 0 0 8.513999999999999 11.39 15.98 24.01 34.9 48.17 61.53 77.44</Voltage>
                    </Temperature>
                    <Temperature>
                        <Voltage> 0 0 0 0 0 0 0 0 0 0</Voltage>
                        <Voltage> 0 0 0 0 0 0 0 0 0 0</Voltage>
                        <Voltage> 0 0 5.555 6.807 10.01 16.87 23.58 32.84 42.54 62.79</Voltage>
                        <Voltage> 0 0 9.888 13.22 18.56 27.88 40.54 55.94 71.45 89.93000000000001</Voltage>
                    </Temperature>
                    <Temperature>
                        <Voltage> 0 0 0 0 0 0 0 0 0 0</Voltage>
                        <Voltage> 0 0 0 0 0 0 0 0 0 0</Voltage>
                        <Voltage> 0 0 5.833 7.147 10.51 17.71 24.75 34.48 44.67 65.93000000000001</Voltage>
                        <Voltage> 0 0 10.38 13.89 19.49 29.27 42.56 58.74 75.03 94.43000000000001</Voltage>
                    </Temperature>
                    <Temperature>
                        <Voltage> 0 0 0 0 0 0 0 0 0 0</Voltage>
                        <Voltage> 0 0 0 0 0 0 0 0 0 0</Voltage>
                        <Voltage> 0 0 5.833 7.147 10.51 17.71 24.75 34.48 44.67 65.93000000000001</Voltage>
                        <Voltage> 0 0 10.38 13.89 19.49 29.27 42.56 58.74 75.03 94.43000000000001</Voltage>
                    </Temperature>
                </Energy>
            </TurnOffLoss>
            <ConductionLoss>
                <ComputationMethod>Table only</ComputationMethod>
                <CurrentAxis> 0 5 15 25 35 45</CurrentAxis>
                <TemperatureAxis> 150</TemperatureAxis>
                <VoltageDrop scale="1">
                    <Temperature> 0 0.805 2.523 4.53 7.044 10.76</Temperature>
                </VoltageDrop>
            </ConductionLoss>
        </SemiconductorData>
        <ThermalModel>
            <Branch type="Cauer">
                <RCElement R="0.2369" C="0.00088"/>
                <RCElement R="0.4494" C="0.00153"/>
                <RCElement R="0.327" C="0.00843"/>
                <RCElement R="0.2747" C="0.1162"/>
            </Branch>
        </ThermalModel>
        <Comment>
            <Line></Line>
        </Comment>
    </Package>
</SemiconductorLibrary>
